type,x,y,paired
driver,4918.702461977358,8231.935304487388,False
driver,4884.07676535413,8218.517607424586,False
driver,4904.86727406698,8194.726801016623,False
driver,4929.0522456252675,8204.665217431122,False
driver,4891.266057587177,8181.114677990148,False
driver,4908.19525940585,8153.77545012845,False
driver,4883.413168231781,8204.051189605898,False
driver,4897.97198151579,8208.382638465704,False
driver,4883.021117153373,8216.686777156914,False
driver,4915.416691652104,8199.184783976265,False
driver,4885.924086498689,8190.478899097331,False
driver,4869.14115894609,8185.773202244883,False
driver,4922.954690856342,8233.35793741744,False
driver,4891.394079416498,8199.642219972613,False
driver,4924.543292944247,8188.983991757956,False
driver,4892.444508099968,8181.655892176972,False
driver,4886.844306962456,8216.207171367252,False
driver,4912.541729211825,8176.748751288844,False
driver,4919.802503752709,8212.348256709918,False
driver,4891.837846843146,8220.69247552425,False
driver,4930.338158840679,8218.786079403613,False
driver,4902.527773579437,8219.126600217558,False
driver,4901.3760496888235,8224.151057084002,False
driver,4894.896462255813,8196.157265603235,False
driver,4889.145742717638,8220.57957173567,False
driver,4896.792679433142,8198.194737349306,False
driver,4902.711572312169,8188.368174108237,False
driver,4891.067574098053,8178.896492302835,False
driver,4914.379116612484,8188.345329019177,False
driver,4897.193558899723,8188.219962110116,False
driver,4898.757797469972,8176.897561623769,False
driver,4884.680824258281,8223.04952773459,False
driver,4888.002853921327,8209.614333179847,False
driver,4921.655554896947,8200.198206077499,False
driver,4870.122270424962,8199.791049446489,False
driver,4914.775922969076,8178.316321579069,False
driver,4920.806059489913,8198.000587057135,False
driver,4863.0086506420685,8184.013183495758,False
driver,4860.448893668976,8171.861413569557,False
driver,4890.2012458412055,8174.637955720215,False
driver,4901.724552817504,8212.783132066723,False
driver,4844.638221675198,8189.520304599145,False
driver,4894.90274285439,8204.047416028952,False
driver,4915.85364398904,8207.43818915588,False
driver,4923.6917403264715,8210.781924645982,False
driver,4915.163821049932,8184.543058316841,False
driver,4879.955830017171,8184.8091313268205,False
driver,4895.006611184554,8200.20751481511,False
driver,4942.72404383386,8207.402835334282,False
driver,4908.560657117863,8223.834130698559,False
driver,4875.527667297182,8227.465068565578,False
driver,4866.772885394173,8188.485688311511,False
driver,4905.898281698313,8214.835802504003,False
driver,4901.352944768111,8205.61643111684,False
driver,4910.038269825452,8174.542881432642,False
driver,4904.1113904847225,8208.371366649777,False
driver,4892.004267079597,8199.692785985748,False
driver,4883.097200844662,8212.841745040547,False
driver,4913.0299339311205,8217.53036170353,False
driver,4915.211907036468,8208.077478927888,False
driver,4891.3347931015505,8228.438799655083,False
driver,4900.050457263057,8196.57389212444,False
driver,4902.7318374916285,8198.752395550464,False
driver,4930.701081197275,8225.287816287151,False
driver,4918.034311987645,8189.0711229667895,False
driver,4901.116028304432,8178.593997438638,False
driver,4862.030806085867,8233.420271290739,False
driver,4953.242861103241,8199.575900928352,False
driver,4889.944897792432,8196.300063163142,False
driver,4870.577490398361,8196.750509351743,False
driver,4882.416252655086,8219.022566664073,False
driver,4909.387374191463,8201.566775655427,False
driver,4899.599229114049,8193.979736164447,False
driver,4896.1250650514,8180.708761077344,False
driver,4905.458551604315,8174.278697094975,False
driver,4918.473174030532,8214.961637930179,False
driver,4906.413547409269,8172.468641649571,False
driver,4880.226817601527,8226.802182516578,False
driver,4907.774172339593,8226.233123105578,False
driver,4902.082471640972,8234.253467629538,False
driver,4856.1137170585625,8189.1669691934885,False
driver,4869.395077680782,8200.95366779299,False
driver,4901.4188783740565,8195.370160825005,False
driver,4912.853740861181,8191.328341933582,False
driver,4888.717227963055,8188.544514343654,False
driver,4871.100115501085,8212.057094615431,False
driver,4920.90531837545,8254.273398274892,False
driver,4893.011335651587,8205.724835611643,False
driver,4912.864336282401,8194.27904123959,False
driver,4927.73570629878,8156.817195716085,False
driver,4864.183431615452,8222.48740084239,False
driver,4878.646675353383,8189.6762616000615,False
driver,4867.327825285357,8226.67170790352,False
driver,4923.1602055772455,8203.244340721467,False
driver,4915.390522773614,8203.829155086843,False
driver,4872.577407506596,8200.52320137633,False
driver,4894.766325457187,8197.047529007034,False
driver,4872.9369511979185,8175.621477188242,False
driver,4895.558735388415,8171.977164735508,False
driver,4920.504883363292,8194.925620988826,False
driver,4860.094961354651,8219.715812256247,False
driver,4918.160260111579,8207.56479645967,False
driver,4915.258993994188,8210.840052283424,False
driver,4926.999623468061,8192.046944908872,False
driver,4922.80397719209,8169.081397239571,False
driver,4882.523876684698,8187.3484327695405,False
driver,4916.112246297891,8197.365687324427,False
driver,4896.600626270526,8204.650873345041,False
driver,4882.005157264513,8207.490382482149,False
driver,4912.26785992861,8185.129205662686,False
driver,4909.64004254036,8180.423615516407,False
driver,4909.937760254701,8182.49377636289,False
driver,4890.457203063624,8188.894293380301,False
driver,4894.281157690615,8190.553261262589,False
driver,4918.24508135378,8193.719950165396,False
driver,4913.534584644823,8196.257407303116,False
driver,4939.741532122979,8196.017638445332,False
driver,4898.403803993976,8186.001461434774,False
driver,4888.036681503586,8173.313296757676,False
driver,4916.193323415229,8187.753241372294,False
driver,4912.359062367261,8229.987653562699,False
driver,4888.920392543053,8175.704592769755,False
driver,4932.727697247457,8169.719770588548,False
driver,4912.755438269934,8184.146803406534,False
driver,4887.710692168014,8232.292253018642,False
driver,4936.919419902092,8189.361494218164,False
driver,4899.466935911803,8195.605058624164,False
driver,4896.769496767656,8190.741828188571,False
driver,4883.813199651459,8209.922534968626,False
driver,4916.4773368984215,8215.430806780118,False
driver,4860.705066779576,8187.127548215499,False
driver,4908.944468153195,8150.025829860786,False
driver,4895.726507095973,8185.69389496267,False
driver,4924.068150112583,8181.255975172954,False
driver,4945.398367208336,8181.361973223691,False
driver,4877.496669843439,8209.937426720666,False
driver,4914.026747116007,8181.824213490526,False
driver,4871.285912561089,8220.737345320473,False
driver,4879.1758565461505,8192.588883623574,False
driver,4901.763787296765,8204.015130530597,False
driver,4897.6766720412725,8193.078584643594,False
driver,4895.195331356521,8175.512187668106,False
driver,4933.359147409665,8160.568128467191,False
driver,4889.404433874106,8214.240291845384,False
driver,4843.1522182046065,8209.791195959317,False
driver,4921.964454965572,8189.832647265172,False
driver,4899.336437233108,8194.113204668138,False
driver,4889.355764188763,8183.864757512105,False
driver,4876.8556395063815,8201.18695705898,False
driver,4903.830384003336,8204.887391341103,False
driver,4876.543009744102,8213.563015418762,False
driver,4908.271129827896,8199.950339659115,False
driver,4879.003435337542,8179.3369749598205,False
driver,4902.524608079643,8214.204982444428,False
driver,4894.709821116043,8212.486518864709,False
driver,4894.050171255588,8188.359326420226,False
driver,4864.0300378001475,8180.708741375661,False
driver,4912.260294419153,8208.92816066524,False
driver,4921.545757121847,8199.302614123444,False
driver,4865.450200690828,8208.392914437647,False
driver,4886.172392815837,8244.266667349157,False
driver,4916.504012838844,8185.748982631884,False
driver,4902.094064269091,8220.335349872556,False
driver,4928.705525543547,8232.981448180286,False
driver,4887.0094118847455,8185.164558898164,False
driver,4938.710384713515,8204.775911241459,False
driver,4892.132545564248,8204.20839506766,False
driver,4875.452349542962,8205.408436812137,False
driver,4915.609355161268,8177.536450957523,False
driver,4904.442292043457,8182.310946832008,False
driver,4905.684066121555,8202.71147024945,False
driver,4886.858157900252,8223.545338527601,False
driver,4925.164689311973,8209.488155815874,False
driver,4871.420448611187,8214.093007545602,False
driver,4876.5035170678975,8185.931770113254,False
driver,4940.0966112659235,8183.87936688242,False
driver,4906.193307952258,8191.538224309461,False
driver,4885.370039305715,8175.137079761761,False
driver,4902.237215967375,8199.376318635319,False
driver,4884.15616328438,8215.844099416878,False
driver,4876.0069903372005,8186.97468015488,False
driver,4893.026635837685,8183.33862724663,False
driver,4894.697564920176,8202.047289300002,False
driver,4925.305565825405,8193.851773889903,False
driver,4899.032075319934,8225.468720247416,False
driver,4898.025287616111,8170.333662932147,False
driver,4901.872930271003,8197.926095835417,False
driver,4916.884807003002,8244.442034306929,False
driver,4857.320322681709,8251.951734925968,False
driver,4932.518511761417,8231.794575601529,False
driver,4879.135217718877,8213.872938050301,False
driver,4892.016294140931,8224.385568264004,False
driver,4930.251030878923,8225.135631064319,False
driver,4888.753541258731,8215.233812167178,False
driver,4931.747411544177,8173.810993939496,False
driver,4903.422566133611,8179.907132078255,False
driver,4898.521836476694,8181.756167540208,False
driver,4940.8377860117635,8220.986838936977,False
driver,4887.150140498208,8227.288271287955,False
driver,4878.3615911314255,8180.675983934814,False
driver,4892.217078771743,8227.698859808572,False
driver,4870.202742204737,8202.461201831475,False
driver,4877.017444039693,8162.843376815428,False
driver,4880.633410245913,8196.653622708178,False
driver,4889.429782727272,8205.011648405749,False
driver,4893.693352335609,8193.734762684368,False
driver,4902.815287665945,8195.613076144846,False
driver,4897.877916265202,8248.329991659175,False
driver,4918.761093333691,8202.159125645132,False
driver,4904.80831827982,8188.391813128393,False
driver,4937.599882872862,8215.167174699338,False
driver,4907.658179849418,8196.61268783579,False
driver,4899.506280853587,8172.877758545427,False
driver,4911.742521083181,8197.982844591937,False
driver,4877.114627632593,8225.7138077262,False
driver,4900.768476505016,8166.495958061742,False
driver,4913.078468266982,8222.111959067597,False
driver,4883.9429241629,8174.445374607189,False
driver,4899.956006601193,8175.162641475566,False
driver,4943.750523618846,8224.84236220276,False
driver,4891.852345327245,8225.019520339594,False
driver,4875.265524500034,8207.883996390065,False
driver,4902.095653090083,8189.439731849772,False
driver,4935.654484820727,8192.851053404771,False
driver,4899.435497139684,8172.668165655002,False
driver,4885.997704494418,8212.702546931463,False
driver,4889.208822633517,8197.981072476396,False
driver,4893.8374965095645,8198.477261565633,False
driver,4864.220260041943,8200.361266869286,False
driver,4890.642062848906,8189.36903067844,False
driver,4912.909865765144,8168.018510442623,False
driver,4897.443726771635,8215.648572367876,False
driver,4899.302207144957,8178.448650481523,False
driver,4910.670277597206,8168.763826042103,False
driver,4914.789779756904,8177.134861566272,False
driver,4897.95731888037,8220.9004395178,False
driver,4929.603559230638,8191.2890608073085,False
driver,4910.38373679057,8186.508098411557,False
driver,4913.823612653827,8220.220407474177,False
driver,4913.393320302825,8206.598053331934,False
driver,4878.489933431955,8211.842448973459,False
driver,4884.892902347226,8196.094762388624,False
driver,4878.573792720309,8218.091063622784,False
driver,4907.5089233332055,8185.491539912171,False
driver,4958.03733940473,8183.4074118328635,False
driver,4889.76198270938,8216.460736378103,False
driver,4888.190468994354,8175.811196882336,False
driver,4914.595916435856,8201.742176366823,False
driver,4911.956438450947,8175.029113171444,False
driver,4874.510640529707,8187.791422503632,False
driver,4915.816704186802,8191.769709438903,False
driver,4912.559764379106,8162.915528631736,False
driver,4864.00393615748,8223.430734882922,False
driver,4895.759665759104,8189.231906135986,False
driver,4871.054804744873,8224.721308433414,False
driver,4921.637821686253,8158.995379888454,False
driver,4898.703717701723,8235.767225030868,False
driver,4902.027320130242,8218.30191312477,False
driver,4891.231000560722,8218.49640475984,False
driver,4858.7815421790165,8200.684477571764,False
driver,4903.525728310187,8211.974920694453,False
driver,4897.181973705666,8176.446480797161,False
driver,4905.4983221668335,8204.408150325562,False
driver,4892.20145903705,8195.944040845385,False
driver,4875.0973293254965,8231.112846915204,False
driver,4876.53940542304,8182.184253090515,False
driver,4898.237863385769,8195.271327294467,False
driver,4900.444031853708,8191.779994221386,False
driver,4904.658154298122,8203.870191635217,False
driver,4895.890343667778,8217.247217534003,False
driver,4891.524150228642,8170.828671535572,False
driver,4912.663848610341,8201.519306423475,False
driver,4942.147402106771,8225.314583653304,False
driver,4897.274190468338,8211.358026775993,False
driver,4927.8964593329365,8206.978523753829,False
driver,4884.371948078333,8164.789115831319,False
driver,4908.179666054789,8154.729760525182,False
driver,4923.379790761338,8160.472302422968,False
driver,4910.7764861675105,8197.289874579481,False
driver,4877.449119206299,8185.951181708399,False
driver,4896.826206258156,8195.662740419679,False
driver,4905.015263279498,8213.772475126798,False
driver,4927.103461415929,8199.965249388595,False
driver,4889.704283647378,8226.881344105845,False
driver,4912.752706766797,8188.12866574783,False
driver,4924.525105441693,8205.488970787033,False
driver,4886.792446311257,8174.506492964171,False
driver,4890.82728246122,8208.18538741914,False
driver,4914.628428738159,8196.857931508564,False
driver,4882.024912767238,8234.235011467996,False
driver,4922.999364177326,8223.720153743527,False
driver,4875.650455538562,8197.637931936468,False
driver,4867.481395487407,8204.913304556801,False
driver,4891.710291777868,8210.688969878736,False
driver,4948.362417503313,8178.38525253402,False
driver,4910.86410694849,8187.877090396558,False
driver,4870.343821710232,8201.420914311295,False
driver,4890.316906968209,8192.45575827542,False
driver,4886.8562869613825,8186.785373196758,False
driver,4918.132011104031,8195.232497858733,False
driver,4907.651348525386,8203.987393713745,False
driver,4900.327249420268,8239.000838670043,False
driver,4881.036398504028,8213.908256275476,False
driver,4873.702503681151,8205.121844560508,False
driver,4931.440360801504,8205.20227660088,False
driver,4919.517787838208,8241.237863017459,False
driver,4867.717298189903,8216.928568737454,False
driver,4875.5838530662595,8171.3312863260935,False
driver,4878.2463722226485,8176.992550876842,False
driver,4902.495431124366,8156.40628304423,False
driver,4934.9043144188645,8211.80611761469,False
driver,4897.78226241964,8163.682623384842,False
driver,4898.67935254605,8188.27165681679,False
driver,4884.033900667445,8191.460539120681,False
driver,4918.114063710601,8191.89635656325,False
driver,4888.988908032878,8217.730683701773,False
driver,4888.925518844035,8203.813849799495,False
driver,4938.249843385336,8163.439440155244,False
driver,4857.110611317613,8208.593067680427,False
driver,4896.899601104003,8176.428870943548,False
driver,4904.16083498724,8182.224420148651,False
driver,4907.588623180485,8196.387283334408,False
driver,4871.377363457934,8187.50089845249,False
driver,4883.459432245197,8190.985542194208,False
driver,4900.829381983094,8198.243890635584,False
driver,4916.124134152322,8188.977314757028,False
driver,4900.549415806818,8196.256996957083,False
driver,4891.474944306879,8196.096019526518,False
driver,4888.1959150424245,8166.706320538803,False
driver,4898.398920477488,8172.716040266988,False
driver,4922.209924145716,8221.461743345088,False
driver,4919.756253566818,8211.383107802107,False
driver,4904.2559673027245,8199.413793522403,False
driver,4890.596124720129,8191.527678004269,False
driver,4927.269776943842,8182.586178961216,False
driver,4888.3898473596155,8195.770866364166,False
driver,4883.295703023013,8240.651321375379,False
driver,4902.813546508276,8215.36455952167,False
driver,4923.378776727143,8188.0734611963235,False
driver,4895.004729557527,8167.000612222323,False
driver,4906.566444504087,8173.657068437614,False
driver,4883.509208977608,8197.143213807069,False
driver,4885.099233262858,8211.564460299802,False
driver,4908.775274692747,8229.416423135966,False
driver,4879.935610704441,8183.456414240001,False
driver,4879.869981226329,8219.181192163634,False
driver,4880.84810395461,8221.381790416777,False
driver,4865.41668613114,8230.419247845552,False
driver,4896.666817572596,8189.259981455362,False
driver,4939.802494795965,8196.962370049536,False
driver,4878.25180917902,8239.367439514943,False
driver,4904.333033561411,8171.554315131013,False
driver,4930.144488562174,8196.515938730752,False
driver,4873.382024671762,8185.907421985346,False
driver,4944.31173866417,8187.37115373379,False
driver,4868.337408146212,8207.66115347212,False
driver,4881.815899479551,8190.43153658282,False
driver,4869.567668256499,8219.440509369846,False
driver,4905.852498245458,8181.375977629473,False
driver,4897.948930768511,8241.144086452801,False
driver,4873.329010333414,8222.295497566347,False
driver,4913.094829538832,8187.0735147306505,False
driver,4861.0957384891935,8213.70860743134,False
driver,4866.853386312973,8174.1971464737035,False
driver,4912.388301361744,8215.863611697185,False
driver,4912.2794360211665,8195.75074402316,False
driver,4900.02543730568,8244.306048029597,False
driver,4902.655402150763,8195.182735463797,False
driver,4885.043935898902,8199.40949111695,False
driver,4934.399401813984,8216.444352862669,False
driver,4865.821334401036,8210.588546101239,False
driver,4889.462827027322,8193.589502436991,False
driver,4907.46790351599,8231.509206559222,False
driver,4910.642165813972,8198.647973683792,False
driver,4878.152171352946,8217.579580284637,False
driver,4923.17535785196,8210.66247851748,False
driver,4888.235348515508,8197.255718969483,False
driver,4937.963842802231,8216.837344423348,False
driver,4876.905988812904,8188.883732539878,False
driver,4917.205404521235,8206.946902693075,False
driver,4906.906445480346,8203.422493736975,False
driver,4868.498513415934,8208.530643707949,False
driver,4913.631391524916,8224.105020194394,False
driver,4908.834595137451,8225.735977831519,False
driver,4878.218414018064,8188.797892029838,False
driver,4837.430120182189,8213.41265657492,False
driver,4900.951531096378,8202.811090940426,False
driver,4842.889927853324,8177.1858171120075,False
driver,4909.088626516075,8215.64654324821,False
driver,4902.621631468836,8200.582845343044,False
driver,4910.494991785093,8192.73780643303,False
driver,4894.987862615088,8176.996915745285,False
driver,4917.370056945495,8215.965047188656,False
driver,4901.792059516047,8186.312604623539,False
driver,4898.830949614784,8202.263939583268,False
driver,4914.29686861509,8226.304510125496,False
driver,4868.548247436982,8201.98146290778,False
driver,4927.114789234449,8204.285454967583,False
driver,4944.609596647027,8232.024517896984,False
driver,4918.265827002049,8191.283313250913,False
driver,4894.759085785522,8210.814176600203,False
driver,4918.594992645777,8210.150315380442,False
driver,4906.77051971402,8180.066120957581,False
driver,4899.848810842413,8224.64823944561,False
driver,4861.110525669755,8180.720680741064,False
driver,4900.821122352051,8227.312201913206,False
driver,4892.812654162773,8194.480250933397,False
driver,4908.572265075539,8258.17569187232,False
driver,4908.437555102745,8205.80010636255,False
driver,4921.833650208851,8195.21329253034,False
driver,4861.787183287856,8216.024401253952,False
driver,4866.0177829373815,8192.369908099019,False
driver,4909.488534100633,8214.370512599638,False
driver,4927.054722495628,8206.927225247915,False
driver,4883.124440674962,8192.914016238397,False
driver,4916.637059764274,8159.924530145806,False
driver,4945.085810085827,8198.158168984513,False
driver,4894.224408315098,8208.403916906127,False
driver,4905.4341074437,8188.020418249577,False
driver,4915.0460612411025,8174.262372523058,False
driver,4903.801704180879,8182.537965569646,False
driver,4892.890868668836,8205.31556043758,False
driver,4914.343300766408,8176.156142406779,False
driver,4926.288684249748,8196.372733136646,False
driver,4917.827068039361,8173.292849814377,False
driver,4892.338641654132,8206.500261342695,False
driver,4881.844155791172,8200.263719964163,False
driver,4881.245165273928,8202.337698305473,False
driver,4933.517893162946,8192.535774506106,False
driver,4920.017893883632,8221.881180569757,False
driver,4890.891246997814,8220.773242362935,False
driver,4921.141130491323,8211.389351303855,False
driver,4907.977600692317,8189.465521025235,False
driver,4940.330694302696,8214.161844022916,False
driver,4917.71344586378,8195.136719492433,False
driver,4855.95476971215,8231.763349670191,False
driver,4948.091932233975,8194.468678137302,False
driver,4895.107067303844,8188.039901161681,False
driver,4877.457190625996,8210.806303718775,False
driver,4888.431201275387,8212.109625637233,False
driver,4884.050116004423,8203.661120160908,False
driver,4886.107692130431,8201.535845840444,False
driver,4927.797134748611,8187.563279782025,False
driver,4907.277334230098,8207.353176806499,False
driver,4930.699122420041,8207.076854949168,False
driver,4899.96321124879,8233.10152363761,False
driver,4958.525761640718,8242.591583903642,False
driver,4904.518620751451,8207.00059703281,False
driver,4908.831854333106,8206.153920547034,False
driver,4898.095962208124,8216.516886124766,False
driver,4894.519380620873,8218.310752526751,False
driver,4872.699425276637,8168.463964761248,False
driver,4919.118570593473,8192.033677031548,False
driver,4883.999763746626,8216.726903162285,False
driver,4870.99353666992,8218.72554893254,False
driver,4933.764869722267,8215.610105981657,False
driver,4886.612997623534,8172.96440956849,False
driver,4910.660951240463,8209.11104377203,False
driver,4896.36854870557,8199.320747947362,False
driver,4915.461043128586,8192.754422847365,False
driver,4903.962575850871,8201.45691995797,False
driver,4915.995507669241,8200.71685474314,False
driver,4906.062160876339,8189.475215647331,False
driver,4914.8509603617895,8164.744051839356,False
driver,4893.069967484641,8233.642165080577,False
driver,4890.428994226881,8212.611542733508,False
driver,4904.406359812566,8192.6941646075,False
driver,4863.391790109321,8220.261634115452,False
driver,4895.07850825972,8221.355700937173,False
driver,4905.534463959803,8159.319482559825,False
driver,4905.467284705224,8231.634880284519,False
driver,4910.033802184383,8209.884605631289,False
driver,4967.628564161527,8200.35736409346,False
driver,4890.7187201846955,8191.550844096077,False
driver,4926.750353620004,8201.760423361282,False
driver,4846.38899723418,8372.631970872662,False
driver,4898.115825200801,8368.179066123857,False
driver,4895.884202771929,8401.508466390236,False
driver,4915.217484219425,8412.776816846967,False
driver,4905.628597366888,8384.028662637507,False
driver,4920.605308887529,8423.151051691137,False
driver,4870.091229943931,8408.467936831328,False
driver,4899.2319161076175,8414.479518410502,False
driver,4885.7617370904,8351.098897875654,False
driver,4845.66160978638,8385.810493716392,False
driver,4886.791363020683,8384.542068620822,False
driver,4899.163390925483,8400.99919059404,False
driver,4891.589372419973,8384.192855047975,False
driver,4922.979068904231,8374.943480584598,False
driver,4927.499474962449,8383.942207396292,False
driver,4904.911482431812,8390.255114122556,False
driver,4883.455690289013,8418.890607514124,False
driver,4903.12440600608,8387.972831110692,False
driver,4901.085797385899,8387.299514540024,False
driver,4922.960344220938,8387.97743081366,False
driver,4878.076415789245,8419.529272620402,False
driver,4882.576317690396,8413.867530076068,False
driver,4889.472662129067,8406.761007253781,False
driver,4893.989373821163,8394.769569891781,False
driver,4903.777384411478,8389.578894628277,False
driver,4889.6206050344135,8392.107415039112,False
driver,4904.763798619798,8400.399652269343,False
driver,4860.800761017387,8382.11442830211,False
driver,4935.5351814646,8387.946338762456,False
driver,4920.375033181932,8389.977805695004,False
driver,4849.637497804209,8420.25432466693,False
driver,4915.632044952218,8417.836655448707,False
driver,4874.7293172966065,8380.95745518462,False
driver,4904.9997427560875,8402.29844986208,False
driver,4913.933562038918,8418.980179651904,False
driver,4882.6253890065655,8427.353331975288,False
driver,4897.630376341277,8430.789434210204,False
driver,4914.887367066355,8387.589652013436,False
driver,4880.77705994644,8357.119009177737,False
driver,4886.404629667309,8401.43540986948,False
driver,4890.5223572722325,8404.353563497114,False
driver,4887.742600987332,8383.074142735413,False
driver,4887.699995891265,8418.728737173416,False
driver,4887.473983559522,8387.387766711794,False
driver,4884.346043398105,8406.707562156835,False
driver,4901.5357305252055,8390.926847103501,False
driver,4893.619439776811,8437.10092244002,False
driver,4930.463105865816,8414.045519150513,False
driver,4886.8123277276645,8394.86076487838,False
driver,4918.860514125816,8423.063437816376,False
driver,4900.936340774123,8382.582811540491,False
driver,4901.643106549758,8398.169600760983,False
driver,4891.978294306564,8419.255046981663,False
driver,4892.317997577159,8425.292240962777,False
driver,4883.992472983776,8372.287056923722,False
driver,4902.275848047425,8375.335445263272,False
driver,4907.837881752415,8413.94917541141,False
driver,4904.755547144646,8392.812206342758,False
driver,4923.4020342634,8422.21333682015,False
driver,4893.722695218271,8419.525436970114,False
driver,4897.9637103595505,8388.469888899841,False
driver,4889.170527121646,8365.740247109869,False
driver,4895.917526508519,8405.350784655726,False
driver,4898.291684703343,8377.179201985584,False
driver,4922.691746737178,8418.584406072636,False
driver,4911.9791499680905,8423.46133473307,False
driver,4925.513088396988,8427.4180149735,False
driver,4875.211113881072,8393.510353683374,False
driver,4912.7547770370265,8389.57577993343,False
driver,4899.594684010768,8377.116437435547,False
driver,4873.504302004904,8415.44600676293,False
driver,4924.615034654549,8407.847406190553,False
driver,4955.264469719797,8393.674085311655,False
driver,4886.799547357699,8392.375106186391,False
driver,4925.5842664434995,8392.380263391939,False
driver,4893.713968261386,8418.260617374952,False
driver,4914.354251815906,8405.385284331029,False
driver,4869.622650497201,8404.332671053926,False
driver,4892.094063785091,8414.863207783968,False
driver,4936.091815737707,8431.01706604285,False
driver,4898.791878601575,8405.360906862119,False
driver,4907.704207582371,8383.999942962375,False
driver,4884.218886303977,8428.727660987635,False
driver,4910.361459158333,8416.194694232154,False
driver,4896.987550462872,8403.310259320671,False
driver,4907.703056810354,8411.777350009153,False
driver,4867.581419213546,8387.996601298426,False
driver,4947.066090660055,8425.676432591328,False
driver,4869.462030724912,8388.567957026386,False
driver,4910.188323247002,8396.245748770949,False
driver,4891.716948712282,8400.720313442793,False
driver,4879.440734503373,8415.779544886265,False
driver,4908.641647179787,8382.120111247128,False
driver,4927.797909884653,8401.272473709076,False
driver,4899.376966879362,8419.432211034165,False
driver,4875.901745254584,8388.450023784962,False
driver,4933.492877766905,8356.158712568715,False
driver,4901.167113279895,8422.783092767299,False
driver,4892.974757055934,8412.311388696457,False
driver,4887.8500760818415,8440.426848713198,False
driver,4938.157117900833,8424.279882597004,False
driver,4888.476346131638,8417.10886276559,False
driver,4912.748574360659,8398.303927462963,False
driver,4948.167744951605,8400.76407835741,False
driver,4903.065020466119,8364.805587370158,False
driver,4900.519776827357,8398.93869439936,False
driver,4883.491965171053,8415.437906108673,False
driver,4908.704339627881,8393.076350945865,False
driver,4919.787358603333,8454.432763657804,False
driver,4896.181992331989,8406.625120426475,False
driver,4861.179632477819,8360.873822917538,False
driver,4939.964655410461,8367.462209879694,False
driver,4927.346761521999,8380.50822328314,False
driver,4910.7828311736275,8409.369836096765,False
driver,4900.7680104412875,8377.612070429466,False
driver,4892.606239657581,8389.125752090333,False
driver,4913.26697277881,8409.090495455277,False
driver,4894.884686915317,8408.978188092537,False
driver,4890.1507785943895,8420.790621021168,False
driver,4903.859867779762,8398.664884844482,False
driver,4913.850394470355,8396.513434436854,False
driver,4877.3007200028205,8392.41960927259,False
driver,4906.693804052413,8419.903674253557,False
driver,4881.15324348214,8360.930138778207,False
driver,4905.177485240302,8399.899483075566,False
driver,4919.774844327659,8425.961469528733,False
driver,4874.340664609042,8408.817272001656,False
driver,4886.107475568308,8414.306074581616,False
driver,4882.0115761149345,8400.651591800492,False
driver,4914.989426875171,8456.116639647347,False
driver,4923.105903417343,8385.003483657369,False
driver,4900.498693268332,8400.276439806998,False
driver,4888.156748310594,8382.224812456583,False
driver,4948.265455561588,8399.69406251244,False
driver,4910.982505605181,8399.127085870794,False
driver,4914.25726259144,8413.326110541022,False
driver,4920.056205201503,8398.094760282682,False
driver,4936.991639138663,8407.223187606873,False
driver,4872.799067332507,8339.29542728245,False
driver,4875.75936515091,8374.655032434099,False
driver,4911.514062790669,8411.915307007706,False
driver,4927.9387728273305,8411.333761313112,False
driver,4879.282841245622,8375.889497631084,False
driver,4909.07122332818,8406.521948385569,False
driver,4878.814734359659,8382.253339760595,False
driver,4899.041093052669,8404.872325998287,False
driver,4841.532657681449,8382.309151932728,False
driver,4858.902168671884,8415.347520093132,False
driver,4919.191681751512,8388.629189209645,False
driver,4909.693477614796,8363.35400177922,False
driver,4901.067845937993,8415.486146501355,False
driver,4872.325824581753,8362.415528424315,False
driver,4887.913623496238,8357.248164639685,False
driver,4889.347033731877,8358.534148776389,False
driver,4906.140228534279,8385.51245605861,False
driver,4916.046166596781,8373.659241797899,False
driver,4874.728196385622,8403.19478943237,False
driver,4932.250880181579,8377.955443961648,False
driver,4896.818207349169,8398.112374551602,False
driver,4902.583093846744,8414.554615973315,False
driver,4897.613612554789,8427.301520594323,False
driver,4905.381921511967,8396.617744448857,False
driver,4893.375663960333,8427.532001426109,False
driver,4890.9658832131745,8382.773461276118,False
driver,4889.341880520386,8410.78825267883,False
driver,4887.643827830126,8379.915137180284,False
driver,4888.950149629386,8374.459053427192,False
driver,4900.806797595364,8374.602952453864,False
driver,4909.406652736435,8407.53558838396,False
driver,4884.571357130619,8416.862098707385,False
driver,4914.201804382479,8396.325450679304,False
driver,4895.83519720535,8397.04422461026,False
driver,4886.2455096417025,8418.80469050584,False
driver,4892.8082843495185,8397.761874617503,False
driver,4878.23364658803,8432.064964066647,False
driver,4859.385345249323,8420.849715094691,False
driver,4927.8337327226345,8405.309734328175,False
driver,4914.010445169055,8390.088807368746,False
driver,4890.721116774065,8421.084515959607,False
driver,4922.556568988957,8401.906715826563,False
driver,4875.44714964614,8387.681180836906,False
driver,4874.293795729444,8382.556210787872,False
driver,4904.667478051974,8406.326167379204,False
driver,4885.025632569642,8406.795583190478,False
driver,4872.7594157858175,8379.64827426257,False
driver,4883.860066598885,8415.428751386951,False
driver,4919.031349257435,8441.809596392437,False
driver,4939.80283428876,8415.405463810383,False
driver,4891.6384034940265,8411.779244461379,False
driver,4880.72710350055,8375.20679416894,False
driver,4906.18683597489,8369.746755217127,False
driver,4915.235795506959,8395.19025893356,False
driver,4945.3251694693045,8386.898545811158,False
driver,4905.720440651979,8384.82945511337,False
driver,4925.152291708807,8449.325697754464,False
driver,4904.100132266931,8389.13230815375,False
driver,4906.92595070094,8361.231051564957,False
driver,4897.78700565741,8393.461788788696,False
driver,4909.801789841297,8390.435577760527,False
driver,4935.573322004021,8405.762562873393,False
driver,4917.442926601053,8368.132377565647,False
driver,4876.422580799697,8403.148762353401,False
driver,4910.375160387422,8399.73021298532,False
driver,4893.168086570352,8390.16783384072,False
driver,4912.134902067893,8403.48681371584,False
driver,4863.259035206568,8394.341692651284,False
driver,4890.502264242505,8418.96792772695,False
driver,4897.467607433291,8373.593229497808,False
driver,4892.169338157892,8405.908431170135,False
driver,4871.8429819604735,8413.277361534369,False
driver,4938.261617520221,8426.223422714518,False
driver,4912.197078906342,8364.523011151057,False
driver,4891.954125952619,8427.616346041497,False
driver,4946.848858479576,8407.369580631344,False
driver,4943.8505987681865,8424.325687418794,False
driver,4918.531270102738,8368.81320960359,False
driver,4851.134446038156,8397.716835002759,False
driver,4889.40924853231,8390.899828713254,False
driver,4895.607505711049,8423.059891627507,False
driver,4901.795866874617,8381.691997633501,False
driver,4914.752272209126,8409.055936561253,False
driver,4913.072041742088,8408.036788947687,False
driver,4898.272211999525,8434.56369893787,False
driver,4892.842246741461,8401.53817884252,False
driver,4877.162876453644,8408.685869508714,False
driver,4890.183706786298,8391.85839584616,False
driver,4935.886276946939,8420.3862568621,False
driver,4896.400504715431,8373.802397026588,False
driver,4890.779151868531,8399.859554110712,False
driver,4919.287027689464,8422.232887694394,False
driver,4904.630519156976,8408.526520149217,False
driver,4894.6097323687945,8390.992184431629,False
driver,4880.936727128676,8375.66220926789,False
driver,4942.507867475965,8420.785477788166,False
driver,4872.846032328952,8424.212312786798,False
driver,4922.128730064157,8409.36971574826,False
driver,4898.049789062238,8407.081893630088,False
driver,4919.633483816743,8416.822380490135,False
driver,4875.559771944996,8411.233707258141,False
driver,4905.560856915139,8389.87090832788,False
driver,4904.656115662024,8424.855425263899,False
driver,4923.887636341999,8433.87555675878,False
driver,4853.138344570576,8390.503379637501,False
driver,4911.599737643984,8397.17343291222,False
driver,4899.012130005288,8458.555372387054,False
driver,4890.008515194828,8434.886282371048,False
driver,4926.91344207599,8401.602613558762,False
driver,4921.960202601594,8376.475132152504,False
driver,4894.714009323882,8422.108409368233,False
driver,4903.755053844832,8388.179129003163,False
driver,4898.4330276518385,8405.21413946127,False
driver,4912.271638572907,8378.452735019247,False
driver,4900.790990097834,8385.30210748731,False
driver,4876.223979795934,8378.793376579408,False
driver,4905.811161512717,8384.635121258898,False
driver,4882.238811563397,8346.493138373356,False
driver,4892.628892249227,8435.02238458967,False
driver,4910.026226224175,8388.570522313705,False
driver,4903.193283961116,8398.23524989105,False
driver,4881.906159301003,8397.00210962418,False
driver,4893.804811179063,8384.158900582543,False
driver,4910.304429261379,8400.149715430416,False
driver,4904.465418977408,8396.710465298102,False
driver,4903.093971376355,8405.344693054447,False
driver,4910.904165342704,8416.314535330383,False
driver,4918.665376596751,8422.641303805123,False
driver,4894.027462398142,8387.491840978384,False
driver,4912.912610348688,8427.839655953418,False
driver,4899.781325841014,8415.787328000319,False
driver,4916.985635636942,8404.878321198332,False
driver,4902.442753425717,8383.943141359234,False
driver,4902.319601569939,8399.436323883703,False
driver,4931.576401587356,8395.359631220681,False
driver,4908.819937995291,8434.57583631968,False
driver,4906.883942678569,8410.909249648856,False
driver,4932.965654093022,8419.08226378955,False
driver,4926.61048903341,8376.66786896673,False
driver,4911.90197071833,8430.187923674792,False
driver,4896.649617958911,8397.064576349427,False
driver,4879.454946687054,8365.279349855638,False
driver,4893.971047310383,8374.936710416663,False
driver,4940.58324265248,8407.902996115372,False
driver,4877.341427037945,8413.158124420419,False
driver,4874.572596750348,8394.956007485047,False
driver,4884.415684892487,8338.921055894574,False
driver,4878.592792085546,8414.459745808554,False
driver,4880.039775448102,8411.862013318007,False
driver,4892.796982763579,8383.951510220822,False
driver,4908.249695652574,8401.42595909983,False
driver,4935.945942311394,8429.107909719347,False
driver,4893.063800598693,8362.76140631345,False
driver,4863.163822726743,8424.567360211857,False
driver,4881.149473899254,8407.16876520177,False
driver,4889.520788096077,8400.61276338783,False
driver,4870.646177316751,8443.242009980017,False
driver,4869.17896383103,8380.9470197548,False
driver,4892.288552489786,8437.212104471304,False
driver,4889.718080107734,8399.943177612458,False
driver,4894.144119329932,8374.665262980376,False
driver,4912.354073555957,8378.52477356081,False
driver,4897.28966179742,8411.240888482076,False
driver,4899.824847065434,8421.256109142094,False
driver,4886.1287937424795,8376.263965393005,False
driver,4894.492711846363,8395.876257026683,False
driver,4922.388568544781,8406.060045601902,False
driver,4885.877974607206,8427.99581032127,False
driver,4863.472367828003,8390.73348989773,False
driver,4926.457245955558,8402.858427185185,False
driver,4892.612860112816,8433.311382003169,False
driver,4887.6411023320425,8401.656224724351,False
driver,4879.637188363234,8417.803024945833,False
driver,4914.234717152132,8386.593351524327,False
driver,4853.092970915866,8421.021847649907,False
driver,4916.577574181911,8429.874626018365,False
driver,4911.447987980462,8414.457629895614,False
driver,4889.245411229644,8408.178181189203,False
driver,4921.9355668354365,8427.075745466422,False
driver,4873.9094057814855,8399.351877911196,False
driver,4910.8396917260525,8412.509826791853,False
driver,4898.484886908132,8399.46972734087,False
driver,4909.255477249731,8390.210090798868,False
driver,4919.869844669668,8378.240570994296,False
driver,4855.123604635364,8433.512095266007,False
driver,4915.025742981245,8383.639051972465,False
driver,4920.834125256759,8407.427392071351,False
driver,4892.562416232129,8400.66051574106,False
driver,4907.265902709758,8405.92578748377,False
driver,4903.292261642168,8390.951725298164,False
driver,4894.9169717011155,8425.061987036188,False
driver,4924.448976588367,8404.999828013724,False
driver,4887.8355473556,8407.42063516115,False
driver,4897.927172630706,8409.564834366547,False
driver,4935.683512723238,8403.073047736487,False
driver,4862.676062240715,8398.192232762985,False
driver,4901.404060439615,8386.1994280288,False
driver,4874.4725309374135,8372.30022635343,False
driver,4926.932531332512,8391.492632647616,False
driver,4922.254894420727,8396.757464954098,False
driver,4902.960667580108,8400.444992973988,False
driver,4903.228342926693,8377.250407798816,False
driver,4874.8665119962725,8408.906827965704,False
driver,4929.1412452606855,8408.608068986467,False
driver,4896.1604170259,8410.672517909657,False
driver,4899.487552821704,8403.068604481476,False
driver,4883.8387008711325,8387.218509954038,False
driver,4922.941638429585,8389.843381606897,False
driver,4894.865078454185,8379.38533759562,False
driver,4867.948634566041,8417.24771303578,False
driver,4887.214078116853,8407.233374957805,False
driver,4898.152837108101,8429.943045956177,False
driver,4865.555358093888,8367.059423543256,False
driver,4924.1088858968915,8405.222408588916,False
driver,4928.16131942093,8410.523040194928,False
driver,4894.093071850244,8383.549383783344,False
driver,4916.640549916373,8394.075872042355,False
driver,4897.590984721538,8422.634572691266,False
driver,4924.205617614874,8402.330773760821,False
driver,4948.842982176669,8366.211870245867,False
driver,4919.42845688601,8393.029966562386,False
driver,4897.636512173563,8387.000923004656,False
driver,4905.83404047925,8382.630499418974,False
driver,4900.818528389616,8356.749940818332,False
driver,4931.622761663458,8375.090652355486,False
driver,4883.669494660024,8391.310812267742,False
driver,4893.191250023857,8431.005208747933,False
driver,4886.4296560034645,8400.838090199768,False
driver,4924.624018325642,8412.972998537276,False
driver,4918.81504354093,8367.833289735567,False
driver,4906.607630148206,8380.68472881634,False
driver,4894.595519351978,8402.579757706311,False
driver,4909.4932247070565,8389.257206376904,False
driver,4894.068456608738,8424.902165537804,False
driver,4896.987981771121,8441.978438376715,False
driver,4871.495289810577,8372.972869065763,False
driver,4885.015688068416,8372.089553100657,False
driver,4909.912917996448,8396.628445589526,False
driver,4907.32188761029,8373.696804980189,False
driver,4871.347904596399,8389.005697883851,False
driver,4883.083452983467,8412.55535670861,False
driver,4909.177523994049,8389.492260642619,False
driver,4956.129257867851,8393.794706735467,False
driver,4909.949511992299,8420.573268080769,False
driver,4915.948637847072,8399.689357220197,False
driver,4891.333716267517,8423.838226375656,False
driver,4930.662444806748,8433.739799658362,False
driver,4870.0589346438055,8385.40023633851,False
driver,4910.898064058917,8406.403044172983,False
driver,4904.497622792781,8390.801918480867,False
driver,4908.595727103634,8377.724370299207,False
driver,4890.339911552977,8402.522304330638,False
driver,4890.221535824353,8386.42306419258,False
driver,4923.092861698979,8368.598736800483,False
driver,4895.757743872881,8410.073656797857,False
driver,4907.559832718218,8398.815158282565,False
driver,4893.742805912832,8395.820657708904,False
driver,4934.997195372973,8380.722316764466,False
driver,4873.466541981008,8376.819021355901,False
driver,4891.534032734901,8406.390226713802,False
driver,4902.353285587771,8400.296265979649,False
driver,4855.58639471886,8407.040734318207,False
driver,4913.158074286649,8410.267677568385,False
driver,4912.576553246445,8414.453382490214,False
driver,4913.582072076749,8422.73294218161,False
driver,4894.6359671740975,8378.320346732562,False
driver,4899.2430250769485,8411.426067370807,False
driver,4910.357145843549,8337.380286060159,False
driver,4911.097475379412,8400.087725341971,False
driver,4894.562255974853,8402.003811883365,False
driver,4910.8934069683655,8378.931751609765,False
driver,4924.729571596758,8394.302714824256,False
driver,4903.389221497027,8411.677124449101,False
driver,4877.369276606505,8361.703747387215,False
driver,4874.702200609398,8397.959384381018,False
driver,4898.823503736076,8461.603864319408,False
driver,4911.490997100169,8414.100304850503,False
driver,4892.592970651965,8421.761591014782,False
driver,4892.683027104792,8353.078069814906,False
driver,4908.723056539514,8425.834405705238,False
driver,4902.347038418537,8395.940002956055,False
driver,4864.643131470832,8369.92991443745,False
driver,4892.896005980543,8397.905406978069,False
driver,4897.944156091935,8374.853096367291,False
driver,4899.66620373416,8364.404663631894,False
driver,4898.731668297663,8401.951968430145,False
driver,4864.052961839352,8421.99829264418,False
driver,4904.881316404406,8390.679241118925,False
driver,4905.811595143825,8415.87222036659,False
driver,4888.871759988559,8392.652247609014,False
driver,4895.718254772957,8375.959092428648,False
driver,4929.535475530042,8352.399802101689,False
driver,4923.029870378829,8407.899125363454,False
driver,4879.115893316318,8380.100800757968,False
driver,4920.195178978626,8412.57176894992,False
driver,4888.103410481039,8415.010617634825,False
driver,4895.297352172085,8400.002780973056,False
driver,4879.317363965436,8433.886949989785,False
driver,4946.847602891962,8410.990142017656,False
driver,4886.480518366993,8374.696341340763,False
driver,4878.708255120573,8395.475707565076,False
driver,4906.763920572595,8378.023669477574,False
driver,4906.182741234234,8409.315568889566,False
driver,4918.571963508874,8411.90789380762,False
driver,4909.59601893556,8429.104238690179,False
driver,4899.702215240034,8404.72379775145,False
driver,4894.039005635652,8415.699104968464,False
driver,4884.042952829416,8395.446709712183,False
driver,4893.639084995133,8389.345624595222,False
driver,4865.486319749996,8421.394536367008,False
driver,4878.890561650228,8396.605073303177,False
driver,4890.626886513487,8395.650173209171,False
driver,4907.395764943372,8422.85072291384,False
driver,4893.986994852958,8393.449059189323,False
driver,4917.628957583583,8361.934525969955,False
driver,4913.303934147721,8381.911061533741,False
driver,4879.44416324009,8392.767790132373,False
driver,4877.439978467488,8398.082532358316,False
driver,4905.685229399508,8377.407400336884,False
driver,4897.378659130186,8448.613627015417,False
driver,4920.112798763001,8391.752815707023,False
driver,4902.191795651605,8352.47615302136,False
driver,4875.750494448873,8365.266481891642,False
driver,4916.128849459979,8371.25661708207,False
driver,4916.850782833343,8410.328179635719,False
driver,4904.092019909223,8425.893781189441,False
driver,4924.709018516339,8431.146774150797,False
driver,4888.565936620593,8415.005270697828,False
driver,4909.4502620786925,8422.483646651068,False
driver,4904.165795991334,8402.135527571883,False
driver,4903.312792080017,8367.877169186937,False
driver,4933.510798440885,8386.702368007976,False
driver,4893.649198625586,8426.563535038653,False
driver,4908.87426893788,8371.18186422264,False
driver,4863.972215013514,8406.64884183967,False
driver,4883.733224135725,8405.871615476231,False
driver,4899.309072844398,8417.87562222993,False
driver,4715.578358546959,8235.073043488963,False
driver,4721.346240437245,8218.514505097535,False
driver,4700.090532594955,8180.807476842384,False
driver,4684.987424385533,8204.004294614886,False
driver,4700.360326046282,8159.837525093887,False
driver,4704.96048705837,8164.965892162729,False
driver,4730.293894434487,8187.785424753994,False
driver,4698.5098618576485,8227.798010003611,False
driver,4667.509785512243,8234.670769066237,False
driver,4701.229997181849,8194.922115756655,False
driver,4697.921871755753,8206.495010117722,False
driver,4697.874067448136,8202.82959054212,False
driver,4715.782805851312,8215.131387418185,False
driver,4691.784771507581,8200.070780617549,False
driver,4732.624974745984,8252.348377795592,False
driver,4689.204011949793,8223.286942459852,False
driver,4701.794687685479,8165.820340784748,False
driver,4679.728957070929,8176.832067349771,False
driver,4696.807516582785,8152.240329949101,False
driver,4719.850648825439,8222.621463401367,False
driver,4704.497405758172,8203.804738758185,False
driver,4685.952712895316,8190.697427955177,False
driver,4693.194346820579,8237.077747218098,False
driver,4718.551846597934,8178.880646346477,False
driver,4665.89538908897,8188.344482462615,False
driver,4712.730822507089,8186.117120175116,False
driver,4720.14945352654,8213.32917200789,False
driver,4696.347993854594,8208.996579899791,False
driver,4688.4700486119145,8192.431359327475,False
driver,4693.62702834079,8206.467199012866,False
driver,4692.8197067974115,8202.303139286085,False
driver,4701.403091408009,8184.25393747385,False
driver,4714.758473817757,8239.799229898561,False
driver,4706.546823126141,8212.412406702537,False
driver,4706.434374630767,8195.800069149826,False
driver,4666.956644193517,8198.695207694711,False
driver,4710.469989465586,8181.638068133684,False
driver,4674.375353277207,8153.217077508956,False
driver,4655.050914477092,8160.306287045556,False
driver,4680.646665233666,8228.743099341735,False
driver,4701.465475312681,8186.129330393474,False
driver,4704.327729036805,8210.635384823929,False
driver,4694.919305215785,8206.550448553668,False
driver,4673.187195698682,8190.654435623799,False
driver,4715.797118703889,8215.884578628227,False
driver,4705.656878010776,8184.058912911439,False
driver,4722.468786084132,8186.55942658229,False
driver,4753.843094550112,8208.116592013323,False
driver,4698.529435476792,8222.014119965239,False
driver,4726.427796666947,8220.306707369775,False
driver,4727.342256382835,8228.724362255813,False
driver,4700.558795107279,8205.352899263622,False
driver,4687.92458037895,8227.577069389603,False
driver,4724.944394330586,8219.946175881461,False
driver,4728.877855548234,8200.540002557427,False
driver,4745.914352069745,8170.671775361056,False
driver,4717.9163539324845,8200.644328464941,False
driver,4680.936810951159,8204.395034005827,False
driver,4678.930425186964,8159.933155262245,False
driver,4714.489897536963,8190.833256729037,False
driver,4710.0528560578105,8171.195631859377,False
driver,4689.774926333513,8225.636498741986,False
driver,4692.779691234587,8230.232182365293,False
driver,4695.75269750952,8225.233093926838,False
driver,4714.429620000298,8227.853586952026,False
driver,4678.084177918041,8220.016666839076,False
driver,4709.9250211530625,8197.239097288577,False
driver,4691.405182173457,8202.10144156812,False
driver,4687.575030064175,8194.58409746748,False
driver,4668.354900801066,8185.738604480722,False
driver,4683.0449153387235,8213.70122531795,False
driver,4697.329359818365,8191.14678786408,False
driver,4693.441357415746,8191.987179490134,False
driver,4715.453739194092,8235.623119844198,False
driver,4705.918807697681,8200.95820390409,False
driver,4705.523301011617,8198.551177272164,False
driver,4689.231563707914,8181.034400735974,False
driver,4706.72205561716,8200.850811354569,False
driver,4672.837281713942,8200.387770196623,False
driver,4697.599339218708,8230.712823640517,False
driver,4690.252927218598,8218.099400779518,False
driver,4715.927249219008,8240.365184820112,False
driver,4669.987705739401,8183.3718419037305,False
driver,4677.276078557979,8201.246610099026,False
driver,4718.7480437298245,8193.99815511344,False
driver,4682.550678328297,8249.868770406543,False
driver,4699.340908360958,8192.60526564447,False
driver,4685.514785469361,8186.6659975124485,False
driver,4705.781029000522,8162.704847592532,False
driver,4672.388688677868,8200.410792517161,False
driver,4677.933038951883,8191.961326902783,False
driver,4706.370605457616,8168.942096455136,False
driver,4679.707277539228,8227.86106788838,False
driver,4688.193998157143,8196.419769676975,False
driver,4704.960732741466,8217.36221062122,False
driver,4698.773490854187,8229.61900879036,False
driver,4700.583105374852,8198.697774628943,False
driver,4694.93433542491,8171.309273112216,False
driver,4700.714809617232,8210.90903338288,False
driver,4721.149996680118,8188.037457665654,False
driver,4715.286082371476,8196.14912340765,False
driver,4704.363830694062,8174.093631605963,False
driver,4695.778954395776,8196.29206390294,False
driver,4719.47503368357,8206.417245521481,False
driver,4691.244180810659,8208.804625131512,False
driver,4705.060825160791,8179.917707913795,False
driver,4709.148672114772,8184.611307797864,False
driver,4744.093854272409,8171.56719577554,False
driver,4732.543584833122,8166.98669505561,False
driver,4663.952444447774,8212.5539156819,False
driver,4715.384671120573,8202.766037959245,False
driver,4695.107004558558,8192.382088702614,False
driver,4689.488079499488,8187.960252350712,False
driver,4697.932369298787,8211.416353905963,False
driver,4666.2859649217835,8218.782702575421,False
driver,4697.282499531904,8209.269757568114,False
driver,4717.238782307427,8204.679982081509,False
driver,4726.872642666925,8210.114128644655,False
driver,4686.757292509462,8175.617084730666,False
driver,4694.5102006005145,8208.112545055415,False
driver,4716.941098810042,8230.910041311035,False
driver,4732.528121533188,8197.00990704617,False
driver,4695.290766634511,8205.042951426116,False
driver,4697.459799433524,8189.125992156811,False
driver,4716.4039877249925,8197.072218211548,False
driver,4683.097888199438,8197.916454277793,False
driver,4695.638895555319,8185.552597981994,False
driver,4698.855343058793,8210.300206956084,False
driver,4691.578683685817,8219.843067838507,False
driver,4721.964947913185,8155.90333642396,False
driver,4709.55478062641,8185.529096418857,False
driver,4693.13475129898,8210.313062468027,False
driver,4686.657580314448,8201.65890926191,False
driver,4689.800148064705,8226.84482451859,False
driver,4700.499713799052,8201.407291836787,False
driver,4698.3931630559355,8222.601576946832,False
driver,4724.788346990682,8188.204467269066,False
driver,4696.75582843308,8193.644167461083,False
driver,4687.944416614802,8206.541279762567,False
driver,4702.314624044626,8159.640426602051,False
driver,4645.741818745124,8190.817602625239,False
driver,4694.5175450093875,8196.97875571964,False
driver,4706.6737156254385,8224.5441068114,False
driver,4690.004468518539,8216.605428699882,False
driver,4680.485870165285,8207.65085862489,False
driver,4693.356042497594,8168.108841087549,False
driver,4697.98629269438,8197.58729870542,False
driver,4692.335826777213,8174.8267976278385,False
driver,4698.502480750005,8204.348493045212,False
driver,4690.916407165547,8207.977319178708,False
driver,4694.484032598309,8154.213461793881,False
driver,4696.922283236805,8216.138059536752,False
driver,4704.641177443861,8184.141141347996,False
driver,4694.297234204848,8238.717797500674,False
driver,4703.620476299684,8181.761315903905,False
driver,4665.17220605779,8188.8195025202795,False
driver,4773.9231422398125,8214.153116493733,False
driver,4730.873103771829,8214.915361456695,False
driver,4707.080541061545,8189.646184532318,False
driver,4696.006415921728,8171.652995950691,False
driver,4688.669820871776,8196.917583976394,False
driver,4688.857930114658,8190.237250402933,False
driver,4710.660104538185,8214.001267280959,False
driver,4700.734394460527,8196.559419531557,False
driver,4711.1324918378195,8188.197937292131,False
driver,4686.348406809242,8205.75198488628,False
driver,4703.018036046294,8256.283243491269,False
driver,4698.125829163822,8198.75163733216,False
driver,4736.077460052492,8198.613500692984,False
driver,4691.890025029788,8189.281255836916,False
driver,4708.811524701377,8170.682450272163,False
driver,4716.601346372276,8174.5317005885745,False
driver,4694.182610005453,8191.825493635915,False
driver,4681.990644635587,8214.814242629995,False
driver,4697.792731386163,8173.527654564185,False
driver,4667.566753551678,8221.396325717002,False
driver,4702.003644286035,8191.549576480727,False
driver,4701.527105214265,8199.875332837728,False
driver,4692.840017719282,8231.762751287537,False
driver,4721.3904613989225,8208.932156932568,False
driver,4702.340814032792,8224.610091317745,False
driver,4678.091337062638,8231.023514554612,False
driver,4740.160559265685,8208.439449202204,False
driver,4719.4950853185055,8190.1591437347315,False
driver,4699.8935608113525,8201.913608567866,False
driver,4700.963799543827,8217.949429004368,False
driver,4720.147355566397,8237.969162244135,False
driver,4687.241078745629,8194.644442828834,False
driver,4716.7957526777145,8231.726472871604,False
driver,4708.228895385543,8204.259339779686,False
driver,4674.320113345795,8207.608452044913,False
driver,4703.747156066036,8198.807797332005,False
driver,4712.405358485072,8210.63789354517,False
driver,4690.4783429494555,8248.126631208997,False
driver,4664.204497679622,8169.810299991167,False
driver,4706.341893301414,8204.50396586642,False
driver,4688.798536137137,8204.076811512406,False
driver,4695.431988063863,8168.612143340137,False
driver,4716.206375092055,8205.248747209002,False
driver,4725.855854810915,8211.620736965795,False
driver,4689.955246719678,8230.446533927805,False
driver,4713.19648827608,8190.548599531037,False
driver,4691.419650867999,8204.03902507309,False
driver,4687.031922240135,8226.006750145858,False
driver,4655.366740942632,8199.626565963337,False
driver,4698.148976132755,8239.303649842699,False
driver,4728.032644839552,8163.551232535043,False
driver,4673.887005754577,8230.772782264141,False
driver,4713.514945837283,8181.423524053138,False
driver,4679.182832702831,8209.47615245206,False
driver,4718.629047532371,8182.686031254097,False
driver,4703.886953682338,8180.412648519776,False
driver,4700.750635137045,8202.28658295304,False
driver,4721.079978812529,8221.887806732575,False
driver,4669.957190717342,8218.198964875826,False
driver,4703.3793997556095,8179.578314400622,False
driver,4705.237636782651,8178.7696139478885,False
driver,4683.811814184478,8208.976984297582,False
driver,4706.180596895792,8196.565354820172,False
driver,4727.0695852006065,8205.212908802248,False
driver,4721.934432534391,8185.435660983743,False
driver,4730.790584038075,8202.237073084747,False
driver,4713.432047723196,8209.594025400736,False
driver,4704.330948985151,8199.828287167587,False
driver,4677.298968380059,8234.540236825898,False
driver,4687.14285709394,8186.431674911857,False
driver,4698.307767186572,8179.7786335565725,False
driver,4724.617570488856,8221.34644256636,False
driver,4701.991797266331,8168.853745699329,False
driver,4725.041734349813,8223.404359397684,False
driver,4723.7088664867915,8207.82900018965,False
driver,4660.187174677969,8189.470152736853,False
driver,4673.807083984464,8160.868504672037,False
driver,4667.068520847296,8198.418237159922,False
driver,4714.996923074749,8215.70332465069,False
driver,4704.361329998656,8194.89057493693,False
driver,4705.128776076685,8222.484647969723,False
driver,4731.831837904003,8214.986319725269,False
driver,4699.9584445312585,8211.688895083062,False
driver,4714.772996781613,8196.450134928102,False
driver,4685.781836704308,8178.8078389360035,False
driver,4720.494362247814,8176.63670848876,False
driver,4699.5169283277,8176.320119870986,False
driver,4706.248070650577,8230.937382030788,False
driver,4709.69249414121,8195.593658855323,False
driver,4697.521732006309,8217.897914363633,False
driver,4689.044086887098,8221.889207654714,False
driver,4741.484758408423,8203.783629529782,False
driver,4682.540858891859,8208.379410949505,False
driver,4708.646443762726,8238.075651148667,False
driver,4703.676581214354,8158.627291720774,False
driver,4735.212054851308,8190.586517644574,False
driver,4717.390703931109,8183.070733173885,False
driver,4712.146721630769,8183.437420545533,False
driver,4692.1209946782465,8206.218334789643,False
driver,4705.817188140443,8209.765462933587,False
driver,4697.690351094555,8195.280516566958,False
driver,4634.572465688512,8242.945629929243,False
driver,4673.711432166103,8224.493578916861,False
driver,4700.611141470944,8179.740068878093,False
driver,4689.401459895824,8194.626483041242,False
driver,4718.831686251869,8224.020446338369,False
driver,4694.16391466589,8204.213878645403,False
driver,4705.757344104874,8187.997051227549,False
driver,4722.573296832905,8187.396672767948,False
driver,4709.023338918798,8193.536467486725,False
driver,4659.486050586088,8196.293231796904,False
driver,4659.801491998925,8201.094796236659,False
driver,4706.553889635737,8196.628050371124,False
driver,4693.427110619722,8184.174750704859,False
driver,4691.050027134062,8188.255294159325,False
driver,4713.567461724853,8176.30114632661,False
driver,4705.232475256237,8188.546416878669,False
driver,4675.023464646028,8189.624138995037,False
driver,4711.9965140545455,8227.29458796814,False
driver,4668.244364584998,8213.8085878677,False
driver,4708.971184377157,8186.275727353167,False
driver,4699.894129649742,8215.698566185383,False
driver,4673.995343759156,8181.861152450248,False
driver,4709.612689786833,8189.415831521961,False
driver,4717.997142190718,8231.609404715507,False
driver,4711.729929586744,8223.581588929217,False
driver,4680.369647195552,8189.870906359387,False
driver,4683.64267548779,8197.176875496656,False
driver,4673.139398076607,8191.20023330436,False
driver,4747.976071264305,8217.88477410404,False
driver,4689.7405410103165,8208.694965130684,False
driver,4745.550070401342,8226.755602394947,False
driver,4661.388368764433,8233.183276401707,False
driver,4707.102305902947,8197.935254947466,False
driver,4702.838011909144,8175.602638956629,False
driver,4689.317370860794,8216.594091999383,False
driver,4743.342817672827,8244.033358929073,False
driver,4704.229667350334,8231.679062246396,False
driver,4696.6622806737405,8210.429461986516,False
driver,4713.977682701832,8179.001167874668,False
driver,4674.076664318658,8209.89523177583,False
driver,4712.409298771169,8207.367787827354,False
driver,4669.6230369740115,8194.6311124689,False
driver,4680.881011704171,8221.406224759072,False
driver,4748.9855920486425,8211.495304683664,False
driver,4671.188575921804,8230.41298967995,False
driver,4697.732054138528,8188.800266872508,False
driver,4719.392325043347,8171.852095536172,False
driver,4685.806636930795,8183.016125183101,False
driver,4682.889381792102,8227.51379822408,False
driver,4682.321773873455,8211.71927718314,False
driver,4707.8689299002435,8198.50997232655,False
driver,4727.043375947179,8204.34805842137,False
driver,4730.006569935911,8215.73624460596,False
driver,4719.059271708513,8209.974157726196,False
driver,4704.533210323642,8197.378502869366,False
driver,4687.606156856471,8216.846892359714,False
driver,4693.975723298011,8215.954379324508,False
driver,4706.808831088773,8190.780757936091,False
driver,4702.410941478668,8177.982618433709,False
driver,4689.418984882777,8218.002405493327,False
driver,4667.2547338486165,8212.640230951994,False
driver,4691.090666230178,8177.021282030378,False
driver,4678.238728126957,8208.412027146836,False
driver,4696.821270712414,8215.861558195813,False
driver,4674.059061857624,8172.719289972466,False
driver,4724.885219159206,8204.656421580623,False
driver,4668.922683260108,8207.066657347761,False
driver,4689.191857718938,8198.736375494744,False
driver,4712.517326750925,8227.492041803558,False
driver,4704.5044281476985,8208.293645715052,False
driver,4693.9161338463255,8225.795287921672,False
driver,4713.648859788421,8195.778498935444,False
driver,4729.904008832497,8183.918268858882,False
driver,4707.987467483948,8218.70430242528,False
driver,4698.206292790911,8198.662233944828,False
driver,4691.428442869321,8211.015907644904,False
driver,4699.475092500041,8180.214394967047,False
driver,4685.32997737468,8234.505952536061,False
driver,4720.794187873265,8175.564609174639,False
driver,4705.7578951453925,8214.789357119083,False
driver,4713.979190151402,8172.584131740463,False
driver,4701.690145865937,8192.56724716816,False
driver,4705.907633213548,8182.891253668572,False
driver,4707.581753294174,8194.031600641509,False
driver,4688.5863488691475,8227.598788077292,False
driver,4680.6486706148535,8209.981247163289,False
driver,4704.715516401737,8201.280550586227,False
driver,4722.694333996086,8220.484008603142,False
driver,4706.398041221869,8194.437636105968,False
driver,4711.189844255244,8237.766143955365,False
driver,4706.3357409566415,8211.080679149309,False
driver,4710.779672202454,8193.742681080157,False
driver,4676.408397325329,8216.466571431778,False
driver,4723.015913595578,8191.777266875436,False
driver,4683.5033278433775,8223.356765980538,False
driver,4715.898091506531,8197.46116493449,False
driver,4689.5829370957945,8228.430534233335,False
driver,4696.661701215533,8204.4304867871,False
driver,4672.985588476781,8159.444499010177,False
driver,4699.543633596292,8178.688084408057,False
driver,4705.496595905524,8202.118613716697,False
driver,4677.738242244665,8204.709892052182,False
driver,4701.277689181173,8209.614144671377,False
driver,4726.0160538606815,8237.023235466735,False
driver,4696.602186261893,8228.853096613044,False
driver,4680.539568157902,8215.992700003058,False
driver,4698.499829215173,8202.642882054653,False
driver,4682.542204752838,8227.294158936566,False
driver,4686.735968604412,8210.405343535147,False
driver,4662.488119414528,8209.983718616153,False
driver,4700.1187126855475,8223.800225659013,False
driver,4696.304715752443,8182.8519011790495,False
driver,4710.299681322617,8215.174689229429,False
driver,4700.578713430447,8185.787400585498,False
driver,4668.914192103988,8187.555702396826,False
driver,4730.554218598676,8191.967951586525,False
driver,4724.6845433628005,8199.676397073501,False
driver,4713.613971873368,8216.708975873455,False
driver,4721.336004214045,8185.928359679539,False
driver,4670.890235702646,8208.826305076003,False
driver,4693.898141497186,8193.492468989944,False
driver,4712.032170114555,8207.225394577052,False
driver,4693.926476396673,8206.702737166492,False
driver,4682.799351859457,8204.77448996127,False
driver,4702.793737948056,8205.227700654445,False
driver,4671.1508946140275,8186.473644166997,False
driver,4694.814878423662,8205.589688954478,False
driver,4698.125107089667,8210.899105533588,False
driver,4714.346679433618,8213.331510697733,False
driver,4739.565450030871,8228.377191097341,False
driver,4716.158318103418,8186.414966518052,False
driver,4734.511878276683,8201.660924186806,False
driver,4718.916144882516,8197.916136835938,False
driver,4688.979212388876,8157.116467505229,False
driver,4716.173360515394,8178.404068210072,False
driver,4697.470264739012,8218.730714866751,False
driver,4738.088608722368,8177.0375826540085,False
driver,4710.111467959773,8205.578533709142,False
driver,4707.446924492191,8179.59977242494,False
driver,4696.882927262623,8201.053509145278,False
driver,4707.929672213708,8211.302457923415,False
driver,4697.17894980842,8213.458578652402,False
driver,4662.518449427444,8184.495224694863,False
driver,4692.713421186429,8241.316628559496,False
driver,4686.595453603432,8183.548272451171,False
driver,4706.0823351375675,8170.495320082466,False
driver,4664.474293732084,8218.369122411787,False
driver,4707.874875977832,8182.708866475457,False
driver,4722.334619588131,8174.694149608079,False
driver,4694.096766784689,8233.181118890345,False
driver,4689.028959407215,8204.237542679743,False
driver,4716.565661732833,8214.197428259626,False
driver,4685.982542842338,8147.292949035131,False
driver,4703.517988668485,8231.42535071029,False
driver,4691.913535849229,8170.665255248359,False
driver,4681.594757241167,8230.762757510103,False
driver,4662.984551551868,8184.57768536389,False
driver,4732.583557128852,8185.877652934331,False
driver,4653.9032759001375,8181.181446285569,False
driver,4691.409751386828,8185.253962413858,False
driver,4674.539815706062,8165.317310282513,False
driver,4712.656203383219,8180.393922829288,False
driver,4698.184917651894,8164.1934678614025,False
driver,4680.053268349308,8195.039843921417,False
driver,4686.806682933725,8213.46136486447,False
driver,4694.806587450238,8191.211327465232,False
driver,4631.325974666308,8196.073639286893,False
driver,4687.999263308774,8179.380649065837,False
driver,4704.0365153906805,8203.045625825864,False
driver,4738.909827737354,8235.657919137317,False
driver,4709.976623785729,8188.2723009689835,False
driver,4708.51208650697,8204.369705622732,False
driver,4697.437735327954,8180.355485932763,False
driver,4699.93930022181,8180.188888017293,False
driver,4687.705700006836,8161.740289547384,False
driver,4678.3598750887995,8190.50099636822,False
driver,4712.841100505548,8166.504403616059,False
driver,4700.472682146054,8190.991701580926,False
driver,4704.078532776071,8202.989068382407,False
driver,4664.451747334851,8184.409474357844,False
driver,4737.107074571306,8223.79145758263,False
driver,4696.343338802425,8170.599211680839,False
driver,4680.33407179352,8191.556441263746,False
driver,4682.813051816383,8172.930459881206,False
driver,4696.899026569193,8228.235414040706,False
driver,4668.44042843876,8193.543688365491,False
driver,4727.535447005804,8156.40594701595,False
driver,4697.829609314186,8207.15969965695,False
driver,4734.641153329148,8216.777878396826,False
driver,4706.867604564063,8185.041567213815,False
driver,4671.846377844598,8160.558568109121,False
driver,4704.3456518682415,8154.955673780215,False
driver,4731.68996525514,8195.340342150988,False
driver,4720.2929008269175,8223.246186619743,False
driver,4696.1911469910865,8222.665723393771,False
driver,4698.7028267816895,8211.213257962316,False
driver,4686.221946029665,8156.434236529546,False
driver,4688.5525645250045,8219.74875401406,False
driver,4719.162929035411,8212.88741356365,False
driver,4726.4214230336975,8215.903381140826,False
driver,4705.535266489175,8211.840578197189,False
driver,4699.412131300637,8233.988588624792,False
driver,4724.584684848993,8178.193052060916,False
driver,4719.117242264843,8221.664416795922,False
driver,4682.645767018534,8194.732742605134,False
driver,4690.319054269004,8229.112019688455,False
driver,4691.692181689644,8187.665141749338,False
driver,4701.452221245845,8242.426703084255,False
driver,4669.82844917582,8214.330728039355,False
driver,4682.542929785071,8205.324287261588,False
driver,4700.421081651726,8204.867297559405,False
driver,4708.73728031801,8226.154017386796,False
driver,4721.105380669251,8221.48520795982,False
driver,4707.302955225562,8178.671857878999,False
driver,4708.809962172206,8192.838085253543,False
driver,4698.017588278118,8185.108083438244,False
driver,4711.751565240095,8178.753712022078,False
driver,4723.390013384368,8226.429198327794,False
driver,4737.572310957582,8357.408143548277,False
driver,4675.612662455127,8405.00117875855,False
driver,4685.3611505709505,8415.161850519176,False
driver,4710.755584282297,8397.022329290981,False
driver,4658.884959788226,8353.024294529783,False
driver,4700.809949594299,8386.40708904846,False
driver,4693.3819765396365,8376.50887957836,False
driver,4704.024462986787,8398.59793909096,False
driver,4682.060669687235,8408.468862017387,False
driver,4704.524826499454,8401.53776309374,False
driver,4657.625225269361,8416.105087272854,False
driver,4668.929806996923,8368.411747662787,False
driver,4727.216467348297,8385.6966384144,False
driver,4723.980180086964,8406.209107865758,False
driver,4703.374058590458,8416.103110686034,False
driver,4681.82935955345,8414.8405832169,False
driver,4678.878999176741,8369.740789576006,False
driver,4713.13147332414,8450.791895450398,False
driver,4671.1229485367,8376.99089822141,False
driver,4713.759854945224,8411.263877809288,False
driver,4692.873195829076,8413.978363617865,False
driver,4682.967476749258,8425.114217526563,False
driver,4713.558824828976,8401.246505303858,False
driver,4715.840793219705,8375.463611040921,False
driver,4712.16866514213,8419.556390944694,False
driver,4714.974150322866,8413.3150544651,False
driver,4724.399460587845,8421.780098379906,False
driver,4704.84279366078,8405.656051249327,False
driver,4682.590020010679,8372.451534602418,False
driver,4714.765565511214,8412.39273842492,False
driver,4688.282297024689,8397.017344845995,False
driver,4683.507728868076,8395.841956528424,False
driver,4676.643040078507,8391.916597638687,False
driver,4688.112230961342,8350.641585806123,False
driver,4729.662065879355,8385.3941242012,False
driver,4669.210931308355,8406.462376060188,False
driver,4682.696111246446,8386.302542298965,False
driver,4726.39902439278,8412.469275200161,False
driver,4672.419001162992,8424.511688945493,False
driver,4722.081345019887,8376.68853522094,False
driver,4725.273140944938,8399.502063887181,False
driver,4685.686321016109,8372.050556607788,False
driver,4668.8022522457595,8409.535351236602,False
driver,4691.420779070652,8398.798100482984,False
driver,4714.262061856223,8384.389121349739,False
driver,4702.060700121768,8400.275882043186,False
driver,4723.350316854572,8412.337327605135,False
driver,4685.490201208524,8386.512113178915,False
driver,4716.358717318474,8385.129874512133,False
driver,4715.916301058357,8363.23058096248,False
driver,4706.975520566776,8401.037388342465,False
driver,4669.476603490709,8401.771289997523,False
driver,4703.923126098874,8373.30945118279,False
driver,4727.662512986891,8396.335557961947,False
driver,4728.9453671615875,8433.979125794245,False
driver,4684.445147065991,8400.843536943737,False
driver,4692.577899949049,8394.280426377616,False
driver,4686.138331983418,8385.398410884327,False
driver,4714.390144076287,8438.995785543606,False
driver,4690.660144252049,8392.180416938336,False
driver,4726.744183306057,8390.958406675109,False
driver,4687.522277025194,8363.492052870159,False
driver,4718.28160674661,8400.057224884224,False
driver,4713.031445676586,8407.516054843101,False
driver,4704.747155666535,8411.73691282425,False
driver,4681.769700243441,8351.817710887311,False
driver,4702.191737975447,8406.588320195591,False
driver,4705.404609726517,8408.569971260811,False
driver,4716.174670792519,8414.76809416839,False
driver,4697.962194293951,8392.783151864976,False
driver,4727.579332207666,8402.489620194541,False
driver,4672.933912903344,8353.528962527635,False
driver,4707.795648143994,8428.783429968262,False
driver,4702.60048647122,8417.029472611537,False
driver,4712.021703761851,8423.42431462075,False
driver,4694.896115536127,8403.458938239575,False
driver,4664.546048092507,8419.004287857995,False
driver,4692.352734054555,8390.234164192616,False
driver,4695.788195383869,8391.990166071915,False
driver,4674.008255605454,8368.554860978422,False
driver,4713.864520955162,8379.314746648373,False
driver,4682.452922421368,8390.275245666597,False
driver,4674.901831170305,8398.955344678669,False
driver,4688.687099481184,8403.635589651009,False
driver,4643.387649505299,8391.530184516587,False
driver,4688.685167992338,8398.230550922499,False
driver,4683.150237717921,8447.222474044296,False
driver,4709.840570434334,8411.95610749732,False
driver,4738.924625867216,8393.389213348615,False
driver,4700.185277659074,8364.844556712385,False
driver,4687.170857123901,8376.206993630287,False
driver,4694.817799560351,8423.866418213844,False
driver,4686.125575560022,8407.656080096502,False
driver,4722.214604141662,8389.01195914672,False
driver,4690.075087611335,8383.493039221948,False
driver,4699.778897092113,8381.41931308767,False
driver,4703.424041789371,8420.556852083084,False
driver,4724.080192780951,8409.554179160477,False
driver,4725.858189816791,8388.052611111567,False
driver,4684.678832649555,8372.160478257128,False
driver,4702.492061549055,8395.203156925749,False
driver,4693.274134202043,8370.03026324026,False
driver,4706.941449847141,8393.400138770994,False
driver,4697.84907815725,8370.703624885069,False
driver,4689.92746666242,8427.803795995756,False
driver,4677.422211015818,8392.998198824827,False
driver,4687.722551538138,8434.568067915005,False
driver,4708.97572986485,8386.116478054972,False
driver,4672.286853055952,8377.37986780751,False
driver,4706.036615619045,8372.684747096266,False
driver,4687.646946031704,8433.262454632839,False
driver,4720.720137905798,8428.005362605469,False
driver,4695.097757452372,8410.886211542907,False
driver,4727.161745425002,8389.280044490002,False
driver,4680.055267247592,8397.147816276585,False
driver,4732.784589223849,8418.779799576623,False
driver,4669.866927695935,8404.321135602175,False
driver,4697.960355567136,8394.484808135496,False
driver,4677.552443875028,8440.439198589833,False
driver,4734.910024126208,8393.989670204906,False
driver,4718.936822334835,8378.794885922023,False
driver,4665.24598065585,8413.036502564715,False
driver,4676.47774894976,8418.912621309653,False
driver,4686.658524219479,8393.151603157581,False
driver,4715.994070450627,8420.303355112013,False
driver,4704.596664878804,8435.287667423547,False
driver,4746.588620564142,8393.740982020103,False
driver,4660.869495036158,8390.009847356241,False
driver,4715.949201399872,8451.004995905565,False
driver,4685.911067319985,8422.924341941918,False
driver,4667.395627452339,8423.079775935537,False
driver,4722.653531501109,8377.572471670046,False
driver,4665.8086466668865,8405.959164585343,False
driver,4666.118956323135,8414.557006119048,False
driver,4692.580223279576,8409.843477429395,False
driver,4721.5373311076855,8395.262216339954,False
driver,4691.119617532083,8382.840109920873,False
driver,4664.196067135917,8398.116913200824,False
driver,4664.86065411504,8399.594563891556,False
driver,4661.650674826595,8429.128273664275,False
driver,4732.954531627037,8408.201352955548,False
driver,4695.172029192611,8390.585449194097,False
driver,4685.58013623067,8386.986248879512,False
driver,4684.663880021772,8435.098397267611,False
driver,4717.934044723005,8408.654852476613,False
driver,4700.417824189606,8415.180444381933,False
driver,4700.077032316186,8426.824603775724,False
driver,4700.656018928734,8392.71130340061,False
driver,4713.812814224755,8369.369834330382,False
driver,4710.042096084085,8381.585007430553,False
driver,4733.134538213886,8386.397291970663,False
driver,4723.981494385898,8388.681023299258,False
driver,4710.890301053668,8377.971739945193,False
driver,4706.863816704607,8407.48410974437,False
driver,4690.781840314085,8401.838075003288,False
driver,4648.057729834427,8419.046285465354,False
driver,4689.424777471289,8404.507718546516,False
driver,4695.682511144732,8364.639954703673,False
driver,4728.513531769611,8439.547062232286,False
driver,4689.44841475271,8397.88992839066,False
driver,4716.453042303354,8421.331604062563,False
driver,4697.591821176819,8432.03771500026,False
driver,4687.700789575093,8409.100661220495,False
driver,4702.905692639167,8378.499003476285,False
driver,4698.9816705330395,8391.548634946732,False
driver,4702.919292900079,8391.351352250607,False
driver,4700.008811048406,8398.946138762407,False
driver,4702.21156510896,8372.633364224821,False
driver,4712.884962737965,8376.884731047385,False
driver,4687.448400001031,8408.68167618023,False
driver,4709.8727013746275,8404.031922497466,False
driver,4732.8437491300965,8369.647871906005,False
driver,4713.892014392177,8421.469281533624,False
driver,4722.251351980469,8367.368159341853,False
driver,4692.262890429452,8427.21868394823,False
driver,4640.285179002592,8406.694209981108,False
driver,4688.775080212692,8407.939923110867,False
driver,4720.7742824334855,8386.015334113212,False
driver,4721.4884862571935,8403.182134848672,False
driver,4682.935259144057,8378.841015469534,False
driver,4698.491802682087,8401.657710499261,False
driver,4681.056212830793,8417.897684963404,False
driver,4721.625678133968,8420.502039335428,False
driver,4695.395829495241,8382.581052246553,False
driver,4709.69682457986,8397.136971572389,False
driver,4710.271394224753,8409.486772364244,False
driver,4702.300631217542,8422.37930346088,False
driver,4700.747342889156,8419.865177209136,False
driver,4712.193686950495,8415.55526644463,False
driver,4724.9129611262115,8411.718711180767,False
driver,4700.974832704774,8404.201075812158,False
driver,4669.714872656807,8419.972216810034,False
driver,4664.5491533029235,8363.437739770705,False
driver,4682.897580895754,8424.119179361991,False
driver,4722.987014865223,8386.446930274009,False
driver,4705.058145075339,8409.592646380903,False
driver,4724.081434358908,8416.483250919722,False
driver,4703.06340660463,8404.692574922019,False
driver,4703.602403831613,8382.009215513655,False
driver,4718.621196086002,8435.313586276305,False
driver,4717.467041849856,8400.760092909819,False
driver,4698.872237839145,8377.970657980404,False
driver,4739.400411865151,8415.061822129766,False
driver,4712.003956035743,8387.183982070532,False
driver,4669.685152148059,8419.793989676386,False
driver,4682.993790249177,8374.413914561783,False
driver,4712.219219648435,8383.613303419,False
driver,4714.030608672634,8385.89864892091,False
driver,4723.937073113168,8385.037525627413,False
driver,4702.250880073102,8402.558753268613,False
driver,4695.996675070349,8372.300627132936,False
driver,4690.957303693313,8369.251927960911,False
driver,4702.161428655871,8376.062496801316,False
driver,4678.434756037937,8366.354082231404,False
driver,4692.722525091868,8382.26420434034,False
driver,4681.638988265922,8406.888070830857,False
driver,4690.179719170216,8382.847960282888,False
driver,4711.574824769077,8398.453640140731,False
driver,4732.410628337333,8404.541021016383,False
driver,4706.405048738202,8361.06853347806,False
driver,4711.347173885609,8373.83935717783,False
driver,4686.594831004493,8391.560962006395,False
driver,4696.719841507202,8409.755057525963,False
driver,4716.109728420417,8358.015698203119,False
driver,4734.2828669746,8427.812127229925,False
driver,4708.2077595892015,8387.211006550247,False
driver,4694.1237121734885,8435.40445322803,False
driver,4684.620842608912,8428.736217147756,False
driver,4696.191815692347,8378.635571686607,False
driver,4709.567313856095,8389.591761198588,False
driver,4677.943267011656,8377.05902065172,False
driver,4688.72126379009,8412.515516291813,False
driver,4693.76729176945,8377.975687641805,False
driver,4728.500084788382,8419.070862589504,False
driver,4716.039649535885,8390.123886183062,False
driver,4675.763040679782,8374.516332312649,False
driver,4704.602539234769,8397.896806616787,False
driver,4707.372868956889,8425.072563859889,False
driver,4689.120729696092,8403.331164056046,False
driver,4702.191944888524,8385.492215931783,False
driver,4695.8778318564155,8376.120417251526,False
driver,4731.003138613913,8396.681191150794,False
driver,4722.498504489591,8414.261611510472,False
driver,4688.661490363586,8398.271873757749,False
driver,4695.9746938731705,8390.284892885822,False
driver,4659.146285933551,8403.362962226478,False
driver,4720.528421388734,8405.12135881735,False
driver,4685.309268247869,8409.430762762635,False
driver,4712.409221119895,8395.032661316356,False
driver,4687.503896671738,8410.061307394615,False
driver,4704.847914198956,8388.089594333642,False
driver,4717.676558264867,8395.323196745105,False
driver,4702.652656704951,8343.866437040779,False
driver,4685.35902959667,8375.225046924728,False
driver,4706.794230947711,8397.671873270509,False
driver,4705.462787784949,8405.63201709759,False
driver,4699.722871553733,8378.863752607424,False
driver,4687.303796600196,8358.69517085388,False
driver,4727.286674393497,8397.077592690985,False
driver,4730.947257503222,8396.940431260164,False
driver,4699.071094136708,8390.004233782238,False
driver,4698.285067855374,8409.943081927277,False
driver,4725.151673376517,8387.319566600085,False
driver,4715.9137961513325,8418.80389529211,False
driver,4716.544192002132,8408.663901415706,False
driver,4713.736049116584,8391.536784491678,False
driver,4710.597997471403,8427.940941627414,False
driver,4722.230937719588,8404.726363315162,False
driver,4723.082959201375,8393.62258901404,False
driver,4701.170279373519,8377.853684814836,False
driver,4717.186660973556,8425.514558847957,False
driver,4689.208159373007,8388.505827286386,False
driver,4661.455027817708,8358.525724340554,False
driver,4696.622646406765,8407.235396589755,False
driver,4704.577931309021,8372.158536881076,False
driver,4687.043801494837,8422.396904199422,False
driver,4693.4321649564445,8401.272109208037,False
driver,4699.934808383775,8406.800064768215,False
driver,4696.589589109848,8430.0074410371,False
driver,4682.367719045753,8418.975667472998,False
driver,4718.685684123611,8384.635681714331,False
driver,4701.290507815684,8388.937772014833,False
driver,4701.1795285859225,8372.584848124112,False
driver,4700.060162283552,8396.135081618799,False
driver,4689.517490827247,8409.595930315683,False
driver,4733.953433810097,8438.284895345565,False
driver,4721.77303170454,8394.867715405064,False
driver,4712.715112613651,8416.361519498278,False
driver,4697.434421187297,8386.731185759274,False
driver,4657.096183171111,8443.35869369554,False
driver,4718.858168246559,8375.62413829732,False
driver,4731.585206257953,8401.527409034663,False
driver,4687.516967548147,8364.367989780802,False
driver,4714.317151064469,8409.183182767352,False
driver,4726.109244833474,8381.06318857687,False
driver,4675.365450369985,8420.992632385145,False
driver,4680.206442076737,8380.19515987768,False
driver,4693.663712045331,8393.002240027357,False
driver,4644.669285030008,8425.07359445166,False
driver,4674.654666469771,8397.735819671758,False
driver,4705.568666913639,8372.770590342623,False
driver,4698.55833746578,8424.686885992045,False
driver,4680.897284313878,8383.160599052788,False
driver,4666.04047733422,8374.05866715867,False
driver,4667.973570774188,8385.938817297198,False
driver,4743.42005571632,8418.111209656949,False
driver,4667.74494133578,8395.205123299778,False
driver,4667.510691754543,8386.800673514243,False
driver,4686.899843233155,8420.499145531992,False
driver,4667.780650077408,8374.98800696125,False
driver,4704.462711705302,8394.14958914373,False
driver,4725.995010100482,8446.129898322959,False
driver,4717.333456547409,8383.71866475351,False
driver,4689.625592481188,8435.918499235975,False
driver,4697.215903611858,8410.566324854377,False
driver,4692.639290474832,8387.2396589561,False
driver,4675.218730147716,8358.137281812642,False
driver,4664.572288882356,8381.834774735871,False
driver,4710.591147512678,8414.233116333475,False
driver,4716.024050794194,8409.46897874324,False
driver,4719.906319436622,8390.240055337743,False
driver,4739.050625758687,8367.25023432138,False
driver,4685.433793424665,8426.684769856029,False
driver,4689.932550448495,8398.896024707083,False
driver,4691.673190304053,8415.942188857389,False
driver,4657.309357142506,8413.853977718276,False
driver,4692.404950663256,8403.540862830056,False
driver,4712.873554649322,8395.784928368274,False
driver,4710.061346610891,8386.832889394233,False
driver,4667.615202732684,8372.678972426947,False
driver,4705.070895056979,8383.120802393189,False
driver,4701.749729385225,8419.25333908622,False
driver,4748.294975378188,8420.844806387888,False
driver,4670.359046365164,8412.760921042449,False
driver,4702.330036825269,8411.618120386005,False
driver,4678.163798693701,8375.9234692229,False
driver,4746.827260960045,8409.6033127753,False
driver,4705.001546909299,8388.753053915829,False
driver,4696.868922966325,8395.79425323679,False
driver,4714.083809093753,8378.93141485183,False
driver,4709.575887026331,8378.086614666177,False
driver,4701.086363995908,8424.301268786434,False
driver,4714.165467083189,8362.431064782391,False
driver,4716.018220066528,8399.873120058837,False
driver,4713.018218042351,8420.183988828348,False
driver,4691.791339257666,8374.950161933084,False
driver,4680.76859401095,8360.935295585155,False
driver,4715.892309126826,8398.138450254068,False
driver,4681.891963341916,8386.503446387218,False
driver,4672.152157204791,8383.036388460458,False
driver,4730.65318841539,8402.796034514548,False
driver,4694.741862957514,8355.03570878283,False
driver,4693.609118880436,8404.81345093731,False
driver,4707.001351095962,8393.254069715595,False
driver,4698.940918942417,8395.932593935635,False
driver,4688.194887980002,8349.908957007889,False
driver,4715.5676792324475,8409.07018683244,False
driver,4703.657785022353,8392.993034839781,False
driver,4709.744814445919,8456.979116101887,False
driver,4698.351960776923,8418.03851096246,False
driver,4697.534843832029,8393.581536716913,False
driver,4695.9282065585285,8399.913051546111,False
driver,4741.024094740348,8398.357789393996,False
driver,4704.92822544816,8445.2230840316,False
driver,4687.408774735539,8403.916514343939,False
driver,4694.146873589205,8397.071866764509,False
driver,4723.759623787464,8388.81619882975,False
driver,4700.262809985066,8407.317170333705,False
driver,4713.664698186517,8395.420210308941,False
driver,4692.554404540304,8388.88734804,False
driver,4682.63368867168,8413.430241650884,False
driver,4699.793644116969,8392.927279519836,False
driver,4696.53399113342,8445.09477399816,False
driver,4716.484788806837,8401.124811068315,False
driver,4694.073118098866,8432.147864072753,False
driver,4665.118101688144,8420.209390527336,False
driver,4694.338343438396,8433.421707263047,False
driver,4722.708957046212,8369.924817878851,False
driver,4693.453724403328,8412.577325103703,False
driver,4716.039100860194,8422.535878685256,False
driver,4697.951645409734,8414.044344298756,False
driver,4697.248426233331,8426.248807169532,False
driver,4689.279286731971,8382.791254268437,False
driver,4684.867111037763,8410.175040703962,False
driver,4729.389531369261,8441.957931719591,False
driver,4688.0650637872795,8415.367122172043,False
driver,4677.766349646066,8417.743164210318,False
driver,4701.738899363941,8383.83753691539,False
driver,4683.448741938333,8397.230045427488,False
driver,4702.476503927966,8409.321926375673,False
driver,4695.084235181349,8359.710317279563,False
driver,4715.861710069485,8418.593358278102,False
driver,4688.780064380988,8382.706079625175,False
driver,4677.4486993580085,8409.662403587832,False
driver,4728.242323471379,8377.648516703475,False
driver,4683.7902165487285,8366.144484096094,False
driver,4721.353829523247,8351.143498357898,False
driver,4697.280874559855,8409.378635731417,False
driver,4712.3931576845,8375.321839225035,False
driver,4704.2302730362,8396.205231575235,False
driver,4700.252416145299,8374.062104992894,False
driver,4679.793821181712,8409.018411643172,False
driver,4686.392350730041,8358.283055620803,False
driver,4705.098224154004,8406.61278423046,False
driver,4691.3794458176235,8409.595773727324,False
driver,4691.599765517627,8428.455109726796,False
driver,4700.775915651987,8359.59861107383,False
driver,4692.321356885536,8377.321272368132,False
driver,4700.741249972867,8434.484432069687,False
driver,4699.943924838202,8368.852614251606,False
driver,4723.884593865738,8422.63707644995,False
driver,4718.419607724035,8378.442307808153,False
driver,4708.177296724294,8413.635384647781,False
driver,4696.503912203082,8384.137840808271,False
driver,4685.517597554256,8358.894659942047,False
driver,4697.907555864669,8374.89919591837,False
driver,4713.559975153949,8396.742774073582,False
driver,4682.032541773473,8390.672830357564,False
driver,4672.850066622138,8391.81830567448,False
driver,4693.353841094441,8411.740527321688,False
driver,4691.903800736219,8431.460559254063,False
driver,4744.116261545674,8430.207316388713,False
driver,4716.392989231484,8397.396016116414,False
driver,4693.313394044404,8382.133136390916,False
driver,4708.706338522639,8384.090190209881,False
driver,4682.266766323435,8362.78210035046,False
driver,4704.31282883656,8402.366907378067,False
driver,4677.03042280703,8398.063246764705,False
driver,4720.14771191762,8352.43061647159,False
driver,4728.840054505962,8404.920404722821,False
driver,4663.013513062819,8387.897227068825,False
driver,4690.255272514198,8375.220071669859,False
driver,4743.453531037511,8407.55632235885,False
driver,4718.091759870744,8382.837715943177,False
driver,4719.9955395582965,8382.508029557996,False
driver,4739.48577834423,8394.45361835023,False
driver,4666.693388995097,8399.565315373578,False
driver,4700.81997928999,8401.373550402079,False
driver,4711.7139878315,8412.150432947767,False
driver,4705.94224548567,8402.422027796201,False
driver,4729.981520000365,8440.826806120507,False
driver,4691.9446076587765,8383.544616591535,False
driver,4705.541608459925,8427.242066626788,False
driver,4714.869548986484,8390.621670502844,False
driver,4686.463734922557,8409.712839340746,False
driver,4689.507745994568,8389.633008019237,False
driver,4726.122485761174,8439.333386496708,False
driver,4697.576740135473,8373.457667611194,False
driver,4694.212911065447,8411.354076897265,False
driver,4719.810971242253,8412.705258361773,False
driver,4706.724900672222,8392.74411445074,False
driver,4734.74964350706,8410.733776450736,False
driver,4720.99374165148,8403.884619713399,False
driver,4718.186004630652,8396.993435691993,False
driver,4689.322271995957,8447.83017644476,False
driver,4698.454732377862,8380.945101477504,False
driver,4733.163576151736,8395.998926422697,False
driver,4733.539004709012,8387.561358611903,False
driver,4711.110168271946,8394.731936384649,False
driver,4692.911980594242,8385.590549431783,False
driver,4721.223003431003,8384.354671201894,False
driver,4674.074038428298,8441.129216125391,False
driver,4725.525875696916,8398.69852123539,False
driver,4690.432034439586,8416.809622947841,False
driver,4688.876044982599,8404.10860534566,False
driver,4712.26930258945,8427.182257157829,False
driver,4703.975491115442,8423.078313202004,False
driver,4689.9064527302835,8397.155522400239,False
driver,4687.247979147891,8393.505610257249,False
driver,4691.771366836297,8435.36472284436,False
driver,4698.754963367911,8401.807788311957,False
driver,4715.497734067745,8373.752268062612,False
driver,4709.68278911563,8404.467762333714,False
driver,4727.630064603759,8395.156018563488,False
driver,4686.51278375574,8404.649630677104,False
rider,4719.05792862216,8274.95349548694,False
rider,4754.947350771551,8286.379685241176,False
rider,4792.080394849871,8274.089252422926,False
rider,4802.638128352596,8291.389506799043,False
rider,4784.112335913712,8303.988601160016,False
rider,4789.193048816643,8240.06683652588,False
rider,4749.237303008673,8306.869791314568,False
rider,4845.8963914591,8287.011285845008,False
rider,4832.205231416564,8299.81356584012,False
rider,4793.9650606889545,8303.98957708216,False
rider,4786.2166218346265,8314.561041196572,False
rider,4837.1997440870755,8340.75664470922,False
rider,4797.701593545768,8327.210129613806,False
rider,4806.695941722674,8290.520767034704,False
rider,4814.778278927165,8257.639575359033,False
rider,4822.645714825613,8307.792482495981,False
rider,4788.742719886314,8238.32365228887,False
rider,4816.04378706463,8253.702669714656,False
rider,4868.000107936162,8339.69591703829,False
rider,4851.62454720835,8234.972228266693,False
rider,4804.8755659651515,8297.27878811497,False
rider,4810.450464136181,8301.204462252625,False
rider,4784.473758891333,8315.268284667642,False
rider,4771.579968793481,8307.628646205967,False
rider,4795.82425884352,8257.567234195873,False
rider,4837.222372879014,8297.12373317608,False
rider,4841.472224184382,8298.753644602388,False
rider,4814.974473317677,8286.941921885214,False
rider,4781.912044631501,8294.338646618906,False
rider,4821.494264580717,8254.868762692511,False
rider,4835.613696617733,8309.322876539441,False
rider,4832.570964314229,8309.426131099905,False
rider,4811.582327024429,8322.786165027337,False
rider,4837.494522253345,8275.963513016964,False
rider,4829.531509187624,8357.614996149832,False
rider,4778.773358755764,8306.197918001088,False
rider,4792.336295671758,8262.339973422077,False
rider,4814.419697414989,8339.526087764272,False
rider,4803.5763029263935,8317.759507487297,False
rider,4810.9930863817435,8268.243182795717,False
rider,4768.108647669263,8294.250667305907,False
rider,4835.21466260622,8246.459140726274,False
rider,4799.0342791413395,8297.596448093751,False
rider,4759.0810930839125,8279.820095788808,False
rider,4827.110935348948,8296.085545017739,False
rider,4754.928719456285,8244.234239114665,False
rider,4776.24224963518,8299.584502243008,False
rider,4788.616068286804,8291.235448657166,False
rider,4817.8406213685685,8284.642084592779,False
rider,4803.192413860298,8334.446272034349,False
rider,4801.744992636935,8266.61097744881,False
rider,4802.781673817641,8292.933268990277,False
rider,4780.456563062741,8315.02206426362,False
rider,4760.862679014944,8300.717750659413,False
rider,4805.3009916461815,8352.761594366186,False
rider,4759.108628540551,8299.311855617476,False
rider,4801.66481827298,8309.118729650683,False
rider,4775.179380683806,8243.641762847852,False
rider,4767.54832844581,8295.754357955444,False
rider,4803.066855418169,8284.95363109684,False
rider,4795.55358660495,8304.628722191968,False
rider,4766.696170459005,8306.504417168353,False
rider,4856.510435290664,8239.956640976345,False
rider,4824.730381189735,8306.754059997138,False
rider,4826.7169688843605,8268.011029520949,False
rider,4794.607257433002,8291.059011934145,False
rider,4768.420338504091,8303.893384320427,False
rider,4760.734663702965,8325.569220209347,False
rider,4857.033223042172,8295.002696770895,False
rider,4779.1805618137305,8298.244269798535,False
rider,4747.799086816262,8267.1209554169,False
rider,4851.275140941959,8279.755920481364,False
rider,4870.47969972285,8303.743723631289,False
rider,4802.089251666174,8339.873756551244,False
rider,4767.034880310875,8305.466084826496,False
rider,4786.795238008903,8279.431552943168,False
rider,4789.284278552714,8302.682352033158,False
rider,4797.503214019042,8262.526792725774,False
rider,4801.774915629751,8292.641035081997,False
rider,4807.349228130898,8324.811520513289,False
rider,4769.202187885612,8270.155605014883,False
rider,4805.794946432125,8319.368193651877,False
rider,4793.832437511469,8264.297485289151,False
rider,4770.436028635695,8296.033714722947,False
rider,4828.211169495755,8294.60883463191,False
rider,4805.86575568379,8303.342411433152,False
rider,4873.099715132351,8372.105498076644,False
rider,4826.844341147371,8212.67694235225,False
rider,4806.986545182081,8320.941420278197,False
rider,4784.997085883419,8320.951274509602,False
rider,4780.922848867808,8291.898076990663,False
rider,4812.835913843986,8290.898131547616,False
rider,4790.074492324557,8373.77323715432,False
rider,4755.5482709719245,8307.151503404815,False
rider,4825.696357068698,8358.931479294934,False
rider,4769.101942840901,8312.506963646054,False
rider,4774.197907934154,8314.277366508317,False
rider,4837.765850983962,8287.727190695772,False
rider,4782.842845336878,8295.215384760742,False
rider,4843.673437107832,8289.876828860963,False
